Ben,Ben,Stiller,pass
Moose,John,Moose,pass
Reuven,Reuven,Power,pass
Cust1,Mick,Thorhill,pass
Cust2,John,Palmer,pass
Francois,Frank,Power,pass
Jim,Jim,Power,pass
Iren,Irene,Baker,pass
Cust3,Abdul,OConnor,pass
Cust4,Kevin,Dean,pass
Cust5,Henry,Shefflin,pass
Cust6,Tom,Power,pass
Cust7,Peter,North,pass
Cust8,Bob,Dylan,pass
Cust9,Bob,Hoskins,pass
andrew,Andrew,Smores,pass
ma,Mary,Everet,pass
matt,Mat,Corner,pass
Ocelot,Mat,Baker,pass
Cust10,Jean,Walsh,pass
crom,Paddy,Walsh,pass
joe,Joe,Whelan,pass
Priscilla,Priscilla,Desert,pass
Harry,Harry,Potter,pass
Ned,Ned,Kelly,pass
ender,Harry,Potter,pass
Apollo,Harry,Potter,pass
Zax,Harry,Potter,pass
Jaluka,Harry,Potter,pass
Sanity,Harry,Potter,pass
Brix,Harry,Potter,pass
sage32,Harry,Potter,pass
clipper,Harry,Potter,pass
YJAM,Harry,Potter,pass
Martin,Harry,Potter,pass
Mike,Harry,Potter,pass
Strongbad,Harry,Potter,pass
Brian,Harry,Potter,pass
Douglas,Douglas,Anderson,pass
chrispeh,Chris,Green,pass
Rudy,Rudy,Whirl,pass
McLovin,Tim,Black,pass
Mike,Mike,Williams,pass
Dude,Chris,Green,pass
Hideo,Chris,Green,pass
Rudy,Rudy,Ann,pass
Don,Don,Wang,pass
Anna,Anna,Carol,pass
SubRia,Anna,Carol,pass
Ella,Ella,Carol,pass
Leslie,Leslie,Carol,pass
Sam,Sam,Green,pass
Cedric,Cederic,Jones,pass
Don,Dan,Wang,pass
McLean,John,MClean,pass
Shannon,Mary,Shannon,pass
Joshua,Joshua,Brown,pass
Jeremy,Jeremy,White,pass
Pablo,Pable,Sanchez,pass
Scream,mary,Terry,pass
ROFLOL,John,zappa,pass
Albus,Albus,Dumbledore,pass
Alexandra,Alexandra,Dumbledore,pass
NaRwHaLs,Clodagh,Reder,pass
J-Rok,Jeremy,Kyle,pass
snoosh,Jeremy,White,pass
Huxil,Jeremy,Blond,pass
hidan,Jeremy,Topper,pass
Leah,Leah,White,pass
Boxxy,Bob,Blind,pass
Rosanna,Rosanna,King,pass
Claire,Claire,Rush,pass
David,Dave,White,pass
Zachary,Zachary,Rosanna,pass
ParseClaws,Zachary,Neder,pass
Tiffany,Tiffany,Zachary,pass
Sidney,Sidney,Jones,pass
Tony,Tony,Penkert,pass
Mark,Mark,Green,pass
NuNu,Jim,Bobel,pass
Hamza,Hamza,Ali,pass
dencellia,Diane,Bean,pass
Nathan,Nathen,green,pass
James,James,Kepler,pass
KeeLed,Keeled,Goner,pass
Megan,Megan,Hope,pass